<?xml version="1.0" encoding="ISO-8859-1"?>

<root xmlns:xsi="http://www.w3.org/2001/XMLSchema-instance" xsi:noNamespaceSchemaLocation="TP02_Q3.xsd" label="mabiblio"> 
<biblio>
    <livre id="1">
        <titre sousTitre="gk pour tous"/>
        <auteur>Pepper</auteur>
        <tomes>
            <tome noTome="1" nbPages="22"/> 
        </tomes>
        <infosEdition>
            <editeur>eyrolles</editeur>
            <lieuEdition>France</lieuEdition>
            <lieuImpression>Italie</lieuImpression> 
            <ISBN>0123456789</ISBN>
        </infosEdition>
    </livre>
    <livre id="2">
        <titre sousTitre="Java Initiation"/>
        <auteur>Legrand</auteur>
        <tomes> 
            <tome noTome="1" nbPages="44"/>
            <tome noTome="2" nbPages="88"/>
        </tomes>
        <infosEdition>
            <editeur>eyrolles</editeur>
            <lieuEdition>France</lieuEdition>
            <lieuImpression>Italie</lieuImpression>
            <ISBN>012ggdfdg</ISBN> 
        </infosEdition>
    </livre>
</biblio>

<customers>
  <pays name="USA">
    <state name="Alabama" capital="Montgomery">
      <customer firstname="Pierre" lastname="Legrand">
      </customer>
      <customer firstname="Jean" lastname="Martin">
      </customer>
      <customer firstname="Michel" lastname="Pepper">
      </customer>
      <person firstname="Aline" lastname="Moglia"> 
      </person>
      <person firstname="Marie" lastname="Talon">
      </person>
    </state>
    <state name="Nebraska" capital="Lincoln"> 
      <customer firstname="Paul" lastname="Dupin">
      </customer>
      <customer firstname="Didier" lastname="Wattel"> 
      </customer>
      <person firstname="Monique" lastname="Pirandelle">
      </person>
    </state>
  </pays>
</customers>
</root>